{"cameraMode":{"drawMode":0,"name":"Shaded","section":"Shading Mode"},"sceneLighting":true,"audioPlay":false,"sceneViewState":{"m_AlwaysRefresh":false,"showFog":true,"showSkybox":true,"showFlares":true,"showImageEffects":true,"showParticleSystems":true,"showVisualEffectGraphs":true,"m_FxEnabled":true},"in2DMode":false,"pivot":{"x":-3.60799241065979,"y":1.2156840562820435,"z":1.4416327476501465},"rotation":{"x":0.08432576805353165,"y":-0.17806780338287354,"z":0.01531764306128025,"w":0.9802859425544739},"size":6.595834732055664,"orthographic":false}