{"cameraMode":{"drawMode":0,"name":"Shaded","section":"Shading Mode"},"sceneLighting":true,"audioPlay":false,"sceneViewState":{"m_AlwaysRefresh":false,"showFog":true,"showSkybox":true,"showFlares":true,"showImageEffects":true,"showParticleSystems":true,"showVisualEffectGraphs":true,"m_FxEnabled":true},"in2DMode":false,"pivot":{"x":-1.7919577360153199,"y":1.9054080247879029,"z":-2.103496551513672},"rotation":{"x":0.08432576805353165,"y":-0.17806780338287354,"z":0.01531764306128025,"w":0.9802859425544739},"size":1.952346682548523,"orthographic":false}